{"cameraMode":{"drawMode":0,"name":"Shaded","section":"Shading Mode"},"sceneLighting":false,"audioPlay":false,"sceneViewState":{"showFog":true,"showMaterialUpdate":true,"showSkybox":true,"showFlares":true,"showImageEffects":true,"showParticleSystems":true},"in2DMode":false,"pivot":{"x":0.02943909913301468,"y":0.09073763340711594,"z":0.006228208541870117},"rotation":{"x":-0.13366270065307618,"y":0.8253244161605835,"z":-0.2193859964609146,"w":-0.5028356313705444},"size":0.7332442402839661,"orthographic":false}